,Activator,ShortID,Domain,Designed or found,PFD or AD,Species,Species ID,Domain ID,Region (when applicable),Start,End,UNIPROT of source,Full name,UNIPROT of source,DNA sequence,AA sequence,tdTomato FC_1,tdTomato FC_2,tdTomato FC_average,EPCAM FC_1,EPCAM FC_2,EPCAM FC_average,CXCR4 FC_1,CXCR4 FC_2,CXCR4 FC_average
A01,V80,V80,human VP16x2,Designed,AD,Human herpes virus 1,HS,VP16x2,,,,,HHV1_VP16x2,,AGGCGGCTTTCTACTGCCCCGCCAACCGATGTTTCTTTGGGTGATGAGTTGCATTTGGACGGGGAGGACGTCGCGATGGCGCACGCTGACGCCCTCGACGACTTCGATCTTGATATGCTTGGCGACGGGGATTCCCCCGGCCCTGGGTTCACTCCCCATGATTCAGCGCCTTATGGGGCGCTGGATATGGCGGACTTCGAGTTCGAACAAATGTTTACGGATGCCCTCGGTATCGATGAATACGGAGGGTCCGGGTCCGAAACTCCAGGAACTTCTGAGTCTGCGACTCCCGAATCAAGACGATTGAGTACGGCGCCGCCCACAGATGTCAGCCTCGGGGATGAACTTCATCTTGACGGCGAAGATGTAGCTATGGCGCATGCTGATGCTCTGGACGACTTTGATTTGGATATGCTCGGTGACGGCGATTCCCCCGGACCGGGATTTACCCCGCACGACTCTGCTCCCTATGGGGCGCTGGACATGGCAGACTTCGAATTTGAACAGATGTTCACCGACGCTCTTGGGATAGATGAGTATGGTGGA,RRLSTAPPTDVSLGDELHLDGEDVAMAHADALDDFDLDMLGDGDSPGPGFTPHDSAPYGALDMADFEFEQMFTDALGIDEYGGSGSETPGTSESATPESRRLSTAPPTDVSLGDELHLDGEDVAMAHADALDDFDLDMLGDGDSPGPGFTPHDSAPYGALDMADFEFEQMFTDALGIDEYGG,43.97637795,18.4351145,31.20574623,13.27073552,12.94545455,13.10809503,11.97826087,11.96796339,11.97311213
A02,V67,V67,Cercopithecine VP16x2 with XTEN linker   [cercopithecine alphaherpesvirus 2],Designed,AD,Cercopithecine alphaherpes virus 2,CercAHV2,VP16x2,,,,,CercAHV2_VP16x2,,CGACGACGAAGCACAGTGCCGAGGACCGATGTGTCACTGGGGGATGAATTGTGTCTGGATGCGTCCCCGTCCATGACCCCTAGTGAGGCTCTCGACGATTTTGACCTTACGCTGCTTGGAGACGATGATCACGCGGGAACTCTCGACGCCGCCGCATATGCTTCCCTCGATATGGCGGACTTTGAGTTCGAACAGATGTTCACAGACGCCCTTGGGATAGATGAATTTGGGGGGTCTGGGTCTGAAACTCCTGGCACTTCCGAGTCTGCCACGCCCGAGTCTCGCAGACGAAGTACGGTACCTAGAACAGACGTGTCTCTTGGCGATGAGTTGTGCCTGGACGCGTCACCTTCAATGACGCCAAGTGAAGCCCTGGATGACTTCGACTTGACGCTTTTGGGGGACGACGATCATGCCGGGACGCTGGACGCCGCTGCATATGCGTCTCTTGATATGGCTGACTTCGAGTTCGAGCAGATGTTCACTGATGCTCTCGGTATAGATGAGTTCGGTGGT,RRRSTVPRTDVSLGDELCLDASPSMTPSEALDDFDLTLLGDDDHAGTLDAAAYASLDMADFEFEQMFTDALGIDEFGGSGSETPGTSESATPESRRRSTVPRTDVSLGDELCLDASPSMTPSEALDDFDLTLLGDDDHAGTLDAAAYASLDMADFEFEQMFTDALGIDEFGG,25.23622047,29.69465649,27.46543848,9.624413146,9.963636364,9.794024755,19.02173913,18.67276888,18.847254
A03,V73,V73,MLL-AD region 3x with EAAAK linker between parts,Designed,AD,Homo sapiens,HS,MLLx3,,,,,HS_MLLx3,,CTCAAGAGTGACTCTGACAATAATAATTCCGATGATTGCGGAAACATTCTCCCTGCTGACATCATGGACTTCGTACTCAAGAATACTCCTAGCATGCAAGCCCTGGGTGAATCTCCAGAGTCCTCAAGTTCTGAGCTGTTGAACCTTGGGGAAGGACTCGGTCTCGAGAGCCTTCAAGCCGAATTTCAGCACACAGGTGGTAGGTACGAGGCAGCCGCAAAGGAAGCAGCTGCAAAATTGAAAAGCGATAGTGACAATAATAATAGTGATGATTGCGGTAACATTTTGCCAGCAGACATTATGGACTTTGTCCTGAAAAATACCCCGAGTATGCAGGCCCTGGGAGAAAGCCCCGAATCTAGCAGTTCCGAATTGTTGAACCTCGGAGAGGGTCTTGGACTGGAGTCCCTCCAGGCGGAATTTCAACATACGGGCGGACGATATGAAGCGGCAGCTAAAGAAGCAGCTGCCAAGTTGAAATCAGACAGTGATAATAATAACAGCGATGACTGCGGGAACATCTTGCCTGCCGACATTATGGATTTTGTCCTCAAAAACACCCCATCTATGCAGGCCTTGGGAGAATCTCCAGAGAGTTCCTCCTCAGAACTTTTGAATCTGGGAGAGGGCCTCGGGCTTGAGAGTCTGCAGGCTGAATTTCAACACACTGGCGGTAGGTAT,LKSDSDNNNSDDCGNILPADIMDFVLKNTPSMQALGESPESSSSELLNLGEGLGLESLQAEFQHTGGRYEAAAKEAAAKLKSDSDNNNSDDCGNILPADIMDFVLKNTPSMQALGESPESSSSELLNLGEGLGLESLQAEFQHTGGRYEAAAKEAAAKLKSDSDNNNSDDCGNILPADIMDFVLKNTPSMQALGESPESSSSELLNLGEGLGLESLQAEFQHTGGRY,10.27559055,7.022900763,8.649245657,7.026604069,7.6,7.313302034,2.804347826,2.90617849,2.855263158
A04,V45,V45,Bel1-japanese macaque simian foamy virus (similar to s228 (91% similarity),Found,AD,Japanese macaque simian foamy virus 1,JMSFV1,BEL1,,0.727272727,1,A0A077JF44 ,JMSFV1_BEL1,A0A077JF44 ,GAAGGAATCAGTACCGATCAACAACCGTCTACATCTAGTGGCGATCCGGTCGCGTTGATCTCCGGACCCTGTGGACCTCACTCTATCCAACCACCGGGTTGCATTCTCCAAGAACTTCCAAAACCCGAAGTCGGAACCTCAGAGATGGCCGTGGCGATGAGCGGGGGACCCTTTTGGGAAGAAGTCTATGGAGATTCCATATTTGGGGCACCCTTTGGCACCTCAGATGATCAACTCCTCAGTCAGTTTGAT,EGISTDQQPSTSSGDPVALISGPCGPHSIQPPGCILQELPKPEVGTSEMAVAMSGGPFWEEVYGDSIFGAPFGTSDDQLLSQFD,4.063260341,3.878627968,3.970944154,11.20901639,11.10465116,11.15683378,4.592592593,4.124168514,4.358380554
A05,V69,V69,Fruit bat alphaherpes virus_1 vp64,Designed,AD,Fruit bat alphaherpes virus 1,FBAHV1,VP64,,,,,FBAHV1_VP64,,GAGGCCAGCGGCTCAGGGAGGGCAGACGCACTGGATGACTTCGATTTGGAAATGTTTGGATCCGCCGATGCACTCGACGATTTTGACCTTGAAATGTTCGGCTCCGCCGACGCACTCGATGACTTTGACTTGGAGATGTTTGGCTCCGCCGATGCCCTGGATGATTTCGACCTCGAAATGTTTGGGATTAATAGTAGG,EASGSGRADALDDFDLEMFGSADALDDFDLEMFGSADALDDFDLEMFGSADALDDFDLEMFGINSR,7.322834646,6.06870229,6.695768468,7.386541471,9.2,8.293270736,3.173913043,3.455377574,3.314645309
A06,V67,V67,Cercopithecine VP16x2 with XTEN linker   [cercopithecine alphaherpesvirus 2],Designed,AD,Cercopithecine alphaherpes virus 2,CercAHV2,VP16x2,,,,,CercAHV2_VP16x2,,CGACGACGAAGCACAGTGCCGAGGACCGATGTGTCACTGGGGGATGAATTGTGTCTGGATGCGTCCCCGTCCATGACCCCTAGTGAGGCTCTCGACGATTTTGACCTTACGCTGCTTGGAGACGATGATCACGCGGGAACTCTCGACGCCGCCGCATATGCTTCCCTCGATATGGCGGACTTTGAGTTCGAACAGATGTTCACAGACGCCCTTGGGATAGATGAATTTGGGGGGTCTGGGTCTGAAACTCCTGGCACTTCCGAGTCTGCCACGCCCGAGTCTCGCAGACGAAGTACGGTACCTAGAACAGACGTGTCTCTTGGCGATGAGTTGTGCCTGGACGCGTCACCTTCAATGACGCCAAGTGAAGCCCTGGATGACTTCGACTTGACGCTTTTGGGGGACGACGATCATGCCGGGACGCTGGACGCCGCTGCATATGCGTCTCTTGATATGGCTGACTTCGAGTTCGAGCAGATGTTCACTGATGCTCTCGGTATAGATGAGTTCGGTGGT,RRRSTVPRTDVSLGDELCLDASPSMTPSEALDDFDLTLLGDDDHAGTLDAAAYASLDMADFEFEQMFTDALGIDEFGGSGSETPGTSESATPESRRRSTVPRTDVSLGDELCLDASPSMTPSEALDDFDLTLLGDDDHAGTLDAAAYASLDMADFEFEQMFTDALGIDEFGG,25.23622047,29.69465649,27.46543848,9.624413146,9.963636364,9.794024755,19.02173913,18.67276888,18.847254
A07,V46,V46,Bel1-simian foamy virus type 3 (similar to s228 (71% similarity)),Found,AD,Simian foamy virus 3,SFV3,BEL1,,0.744966443,1,P27402,SFV3_BEL1,P27402,GGAGTAGCTCCGCGGGAGCAACCTAACACTAGTAGCGGGGACGCTATGGCACTCATGCCTGGTCCGTGCGGACCATTCAATATGGATCCTCCCGGATGTCTGCTCGAACGGGTTCCCGGTTCTGAGCCGGGCACAAGCGAGATGGCTTTGGCCATGTCCGGAGGCCCTTTTTGGGAGCAGGTTTACCGGGATTCCATTTCAGGACCGCCAACTGGCCCTTCTGAAAAC,GVAPREQPNTSSGDAMALMPGPCGPFNMDPPGCLLERVPGSEPGTSEMALAMSGGPFWEQVYRDSISGPPTGPSEN,2.700729927,2.796833773,2.74878185,8.831967213,10.25193798,9.541952599,3.703703704,3.303769401,3.503736553
A08,VTR24,V24,VIRF-2,Found,AD,Human gammaherpes virus 8,HGHV8,VIRF2,,0.397058824,0.552941176,Q2HR71,HGHV8_VIRF2,Q2HR71,CCTGTTATTTTCCCGCATGAAACTCAAGGTTTGCTGGCCCCGCCTGCCGGTCAAAGCCAAACGCCCTTTTCCCCTGAAGGACCGGTTCCTTCCCATGTGTCTGGACTCGATGACTGTTTGCCCATGGTCGATCATATAGAGGGATGTCTGTTGGATCTTCTTTCTGACGTAGGCCAAGAACTGCCGGATCTGGGGGATCTTGGTGAACTTCTCTGTGAAACTGCGAGCCCGCAGGGTCCTATGCAGAGTGAAGGTGGTGAAGAGGGCAGTACAGAATCTGTTTCTGTGTTGCCTGCCACTCACCCATTGGAATCAAGT,PVIFPHETQGLLAPPAGQSQTPFSPEGPVPSHVSGLDDCLPMVDHIEGCLLDLLSDVGQELPDLGDLGELLCETASPQGPMQSEGGEEGSTESVSVLPATHPLESS,15.76628352,16.53256705,16.14942529,3.286052009,3.475,3.380526005,1.957845433,2.020224719,1.989035076
A09,V42,V42,Saimiriine herpesvirus 1 VP16,Found,AD,Saimiriine herpes virus 1,SaHV1,VP16,,0.752417795,1,E2IUC2,SaHV1_VP16,E2IUC2,GTAGAGGAGGATTACGAGCCACCACCTCCCCCTCGGATAAGCTTGACCCCAAGTGGTGGTACTACTGCTGCCGCGCTTGCTCCGTCAGGTATAGCTGAGGCCCCGGAAGCTGCGGCGACTGAGGCGCCTCCTATGGATGATGAGGATCTTGACTTCGATATGGAATTCGATGCCGATTCTGATCTTGGTGATGAGGCGATGCGAGCCATAGATGATTTCGACTTGGCACTGCTTGGGCCGCGAACCGACTCAAATCTCGGGGGCCCTTTGAGTGCCCTGAGGCGCGACGATCTTGCCCGCTATGCCGCCCGAGGATTTGAGATGTTGGATGCCGCGGATCTTGAATTTGAACAGATGTTCAGCGAATCATTGCAGGCTGATGCA,VEEDYEPPPPPRISLTPSGGTTAAALAPSGIAEAPEAAATEAPPMDDEDLDFDMEFDADSDLGDEAMRAIDDFDLALLGPRTDSNLGGPLSALRRDDLARYAARGFEMLDAADLEFEQMFSESLQADA,4.136253041,4.511873351,4.324063196,3.647540984,2.965116279,3.306328631,8.716049383,8.403547672,8.559798527
A10,V102,V102,C3ORF62,Found,AD,Homo sapiens,HS,C3ORF62,,0.700374532,1,Q6ZUJ4,HS_C3ORF62,Q6ZUJ4,GAAGAATTGGCTGGAAAAATAGAATTTGAAAACGAATTGAACCACATGTGTGGTCATTGCCAAGATTCACCCTTCAAAGAGGAAGCCTGGGCCCTGCTCATGGACAAGAGCCCTCAGAAGGCCACAGATGCTGACCCTGGCAGCCTCAAACAGGCTTTTGATGATCATAATATTGTTGAGACTGTTCTGGACTTGGAAGAGGACTACAATGTGATGACGTCTTTTAAATACCAAATTGAG,EELAGKIEFENELNHMCGHCQDSPFKEEAWALLMDKSPQKATDADPGSLKQAFDDHNIVETVLDLEEDYNVMTSFKYQIE,4.160714286,4.953703704,4.557208995,5.289514867,6.836363636,6.062939252,1.586440678,1.935361217,1.760900947
A11,VTR31,V31,BICP4-11,Found,AD,Bovine alphaherpes virus 1,BAHV1,ICP4-11,Full,0,0.106849315,Q06634,BAHV1_ICP4-11,Q06634,ATGTCAAGCCCCGGAAGACTGGAGTTGGCAACACTCGATTTGTATGATCTCATAGAATCTGCAGACTTGGGGCCGACCGGGGGGAGTGAAGAGGATCCTGCCCTGCTCGACGCGGCTAGAAGAGCTGAAGCGCGCGAAAGGCGGCGAGCGGCTCGAGCGGAGCTTGCAGAACTCTGGAGGATGGTCGGCGGGGAGGATGCGGAATCTTCTGAGGATGATGGGGCTGGCGATGCAGGTGCGACTGAGGGTGCCGAGGCCGAAGACGCTGAGATTGGCGAAGACGCAGGTGCTGGTGACGCGGGCGGTGCGGAGGACGCGGACGTGGCGGAATGCGCTGAAGCCGAAGGGGCAGAGGGAGCTGAAGATGCTGACAGCGCTTGGGCAGCCGCACGAGCACTG,MSSPGRLELATLDLYDLIESADLGPTGGSEEDPALLDAARRAEARERRRAARAELAELWRMVGGEDAESSEDDGAGDAGATEGAEAEDAEIGEDAGAGDAGGAEDADVAECAEAEGAEGAEDADSAWAAARAL,11.16858238,7.624521073,9.396551724,1.985815603,2.025,2.005407801,3.911007026,3.95505618,3.933031603
A12,VTR4,V4,Rta_Orf50,Found,AD,Human gammaherpes virus 8,HGHV8,ORF50,,0.629522431,1,F5HCV3,HGHV8_ORF50,F5HCV3,TGTGTGACCCTCCTCCAGGTAACATGTGCCCCATCTTCTACGCCCCCACCTGATTCCACGGTGCGGGCTCCTGTTGTGCAACTGCCAACTGTAGTCCCGCTGCCCGCAAGCGCATTTCTCCCGGCTCTGGCACAACCAGAAGCAAGTGGCGAAGAGCTTCCTGGAGGCCATGATGGGGACCAGGGTGTACCCTGCAGGGATTCTACGGCGGCAGCGACTGCCGCGGAAGCTACGACTCCGAAGAGGAAGCAGCGATCTAAAGAACGGAGTTCAAAGAAACGCAAGGCCTTGACGGTCCCTGAGGCCGATACCACTCCGTCAACTACAACGCCAGGTACCAGTTTGGGGTCTATCACAACGCCACAAGATGTGCACGCCACCGATGTAGCAACGTCTGAAGGCCCGTCCGAAGCCCAACCCCCACTTCTGTCACTCCCACCTCCGCTGGACGTTGACCAATCTCTTTTCGCCCTTCTTGACGAAGCAGGTCCAGAAACCTGGGATGTGGGAAGCCCATTGAGCCCCACTGATGACGCTCTCCTTAGCAGTATTCTGCAAGGCCTGTACCAACTGGATACCCCTCCTCCCCTGCGGAGTCCTTCCCCAGCGAGTTTCGGCCCGGAGTCTCCCGCTGACATTCCTTCACCGAGTGGAGGGGAGTACACACAGCTCCAGCCAGTCAGAGCGACGTCAGCTACACCCGCCAACGAGGTGCAGGAGTCAGGGACTCTCTACCAGCTGCATCAATGGAGGAATTATTTTAGGGAT,CVTLLQVTCAPSSTPPPDSTVRAPVVQLPTVVPLPASAFLPALAQPEASGEELPGGHDGDQGVPCRDSTAAATAAEATTPKRKQRSKERSSKKRKALTVPEADTTPSTTTPGTSLGSITTPQDVHATDVATSEGPSEAQPPLLSLPPPLDVDQSLFALLDEAGPETWDVGSPLSPTDDALLSSILQGLYQLDTPPPLRSPSPASFGPESPADIPSPSGGEYTQLQPVRATSATPANEVQESGTLYQLHQWRNYFRD,74.06130268,49.92337165,61.99233716,2.293144208,2.575,2.434072104,1.334894614,1.440449438,1.387672026
A13,V103,V103,FAM22F,Found,AD,Homo sapiens,HS,FAM22F,,0.541005291,0.661375661,A1L443,HS_FAM22F,A1L443,CCTGGGGACACAGGGGAGCCTGAGGGACAACGGGAAAAGGGCAAAGTGGAGCAGCCGCAGGAAGAGGACGGGATAACCTCAGACCCGGGCCTCCTGAGCTACATTGACAAGCTGTGTTCCCAGGAAGACTTTGTCACCAAGGTGGAGGCCGTCATTCACCCCCGATTCCTGGAAGAATTGCTTTCCCCAGATCCACAGATGGATTTCTTGGCCCTAAGCCAGGAGCTGGAGCAGGAGGAAGGACTCACCCTTGCCCAGCTAGTGGAGAAGCGC,PGDTGEPEGQREKGKVEQPQEEDGITSDPGLLSYIDKLCSQEDFVTKVEAVIHPRFLEELLSPDPQMDFLALSQELEQEEGLTLAQLVEKR,2.026785714,1.958333333,1.992559524,10.06259781,11.01818182,10.54038981,1.694915254,1.650190114,1.672552684
A14,AC11947,S574,S574_Homo sapiens (Human). MASTR_HUMAN Name=MAMSTR; Synonyms=MASTR; REGION 215 415 Transcription activation. {ECO:0000250}.,Found,AD,Homo sapiens,HS,MASTR,215-415,0.508433735,1,Q6ZN01,HS_MASTR,Q6ZN01,CCAAAACCACGGCGAGAGGATAGCCCTGCCGGTGCCCCTTGGCCCCGGCTGAAGCCTAAAGCGTTGGCAGCAGCTAGGCGGCAAGGTTCTGTAAAACCAAGTGCCGCATCACACAGGCCCCCACTTCCCCGAGCGGCGGACACTCCTGGTACTGCCCCCGCTCCAACGCCCACGCCCGCACCAGCTGCCGCGCCTGCTTTGACTCCATCATCAGGCCCGGGCAGCGCCGCACTTACTTTGGAGGAGGAGCTGCAAGAAGCTATCAGGAGGGCACAACTTCTTCCTAACCGCGGAATTGATGACATTCTTGAAGACCAGGTGGAGCCTGACGACCCCCTCCCACCTATACCGCTTGATTTTCCGGGATCCTTCGACGTGCTCAGCCCGAGTCCTGACTCTGAGGGCCTTAGCTCAGTGTTTTCATCCAGTCTTCCGTCCCCTACAAACTCATCCTCACCATCACCAAGAGACCCAACTGACAGCCTGGACTGGCTGGAGGCACTCTCCGGAGGGCCCCCGCTGGGCTCAGGACCTCCACCACCAAGTATTTTCTCTGCAGATCTTTCCGACTCTTCTAGCAGCCGGTTGTGGGACCTTTTGGAAGACCCGTGG,PKPRREDSPAGAPWPRLKPKALAAARRQGSVKPSAASHRPPLPRAADTPGTAPAPTPTPAPAAAPALTPSSGPGSAALTLEEELQEAIRRAQLLPNRGIDDILEDQVEPDDPLPPIPLDFPGSFDVLSPSPDSEGLSSVFSSSLPSPTNSSSPSPRDPTDSLDWLEALSGGPPLGSGPPPPSIFSADLSDSSSSRLWDLLEDPW,33.08924485,31.21281465,32.15102975,1.899696586,1.997738516,1.948717551,1.293577982,1.464285714,1.378931848
A15,V44,V44,RS1-BICP4 homolog [Cervid alphaherpesvirus 2],Found,AD,Cervid alphaherpes virus 2,CervAHV2,ICP4,,0.000782473,0.110328638,A0A455JMH5,CervAHV2_ICP4,A0A455JMH5,AGCAGCCCGCCACCGCCAGCTCCTCCCGCGCCGTTGGATCTCTATGCGTTGATCGAATCTGCAGATCTCGCACCTGCAGCCGCACCACCTGCCGCAGAGCCGCCGGCCGCGGCTCGCGAGCGAAGGCGGGCAGCTAGGGCAGAATTGGCCGCTTTGTGGCGGATGGTTGGGGGAGAGGCCGCAGAACGCGCGGCAGCTGAGGAGGAAGAAGACGAGGACGAGGATGAGGACGAAGAGGAAGAGGACGAAGCAGCGGCAGAGGAAAACGGAGGACCTGAGGAAGAAGACGAAGATGAGGAAGCCGCAGCCGCGGAAGACAGCGGCCGAGAGGAGGAAGAGGCTGCCGCCGGTGACGGTGGTAGGGGCGAAGAGGCCGCAGCCGAAGATTCAGGGCGGGAAGACGAAGCTGCCGCCCCAGCA,SSPPPPAPPAPLDLYALIESADLAPAAAPPAAEPPAAARERRRAARAELAALWRMVGGEAAERAAAEEEEDEDEDEDEEEEDEAAAEENGGPEEEDEDEEAAAAEDSGREEEEAAAGDGGRGEEAAAEDSGREDEAAAPA,4.01459854,4.300791557,4.157695048,2.036885246,1.639534884,1.838210065,4.740740741,4.013303769,4.377022255
A16,V81,V81,E1A Human adenovirus F serotype 41,Found,AD,Human adeno virus 41,HAV41,E1A,,0,0.472527473,A0A411LD90,HAV41_E1A,A0A411LD90,ATGCGCATGCTCCCTGACTTCTTTACTGGGAATTGGGATGACATGTTCCAGGGCTTGCTGGAAGCGGAGCATCCGTTTGATTTCCCGGAGCCGTCTCAAGCTTTCGAGGAGATCTCCCTGCACAATCTTTTCGATGTGGAGTTGGATCAGTCTGAAGGGGATCCAAATGAGGAGGCTGTTGACGGCATGTTCCCAAACTGGATGCTGTCCGAGGACCATTCTGCGGACAGCGGAGCCGCGTCAGGCGACTCAGGTGTG,MRMLPDFFTGNWDDMFQGLLEAEHPFDFPEPSQAFEEISLHNLFDVELDQSEGDPNEEAVDGMFPNWMLSEDHSADSGAASGDSGV,1.633858268,1.732824427,1.683341348,5.117370892,6.290909091,5.704139991,1.306521739,1.318077803,1.312299771
A17,AC15313,S433,S433_Homo sapiens (Human). E2F2_HUMAN Name=E2F2; REGION 359 437 Transactivation. {ECO:0000255}.,Found,AD,Homo sapiens,HS,E2F2,359-437,0.812356979,1,Q14209,HS_E2F2,Q14209,CCTCAACAGGCTCCACCACCCCCGTCCTTGGTCCCTTTGGAGGCAACTGATAGCCTTTTGGAATTGCCTCATCCGCTCCTTCAGCAGACTGAGGATCAGTTCTTGTCTCCTACTCTGGCATGCTCTAGTCCCCTCATCTCTTTCTCCCCATCCCTCGACCAAGATGATTATCTCTGGGGCTTGGAGGCGGGGGAGGGGATCTCCGATCTGTTCGATAGTTACGACCTGGGTGACCTCCTTATAAAT,PQQAPPPPSLVPLEATDSLLELPHPLLQQTEDQFLSPTLACSSPLISFSPSLDQDDYLWGLEAGEGISDLFDSYDLGDLLIN,10.60606061,9.049881235,9.827970921,2.85079518,2.710496478,2.780645829,1.03968254,1.063492063,1.051587302
A18,VTR23,V23,4xCITED2 AD,Designed,AD,Homo sapiens,HS,CITED2x4,,,,,HS_CITED2x4,,ACAGACTTTATTGACGAAGAAGTACTGATGTCTCTGGTCATTGAAATGGGTTTGGATCGGATTAAGGAGCTCCCTGAGCTTTGGCTTGGGCAGAACGAATTCGACTTCATGACCGACGGCGGGGGGGGGAGTACCGACTTTATCGACGAGGAGGTTCTGATGTCACTGGTTATCGAGATGGGTTTGGATAGGATCAAGGAGCTGCCGGAACTCTGGCTGGGACAAAATGAATTTGACTTCATGACTGATGGGGGCGGGGGCTCAACTGACTTTATCGATGAAGAGGTATTGATGTCTCTTGTAATTGAGATGGGTTTGGACCGCATTAAGGAGCTGCCCGAGCTCTGGTTGGGACAGAATGAGTTTGATTTTATGACAGACGGGGGTGGTGGTTCCACCGACTTCATAGATGAGGAAGTTCTCATGTCCTTGGTAATTGAGATGGGACTGGACAGGATCAAAGAACTGCCCGAATTGTGGTTGGGGCAAAACGAGTTCGACTTTATGACAGATGGAGGGGGGGGATCA,TDFIDEEVLMSLVIEMGLDRIKELPELWLGQNEFDFMTDGGGGSTDFIDEEVLMSLVIEMGLDRIKELPELWLGQNEFDFMTDGGGGSTDFIDEEVLMSLVIEMGLDRIKELPELWLGQNEFDFMTDGGGGSTDFIDEEVLMSLVIEMGLDRIKELPELWLGQNEFDFMTDGGGGS,8.620689655,8.888888889,8.754789272,0.956264775,0.935,0.945632388,1.023419204,1.080898876,1.05215904
A19,AC10398,VP64,VP64_DARPA backbone,Designed,AD,Human herpes virus 1,HHV1,VP64,,,,,HHV1_VP64,,GAGGCCAGCGGTTCCGGACGGGCTGACGCATTGGACGATTTTGATCTGGATATGCTGGGAAGTGACGCCCTCGATGATTTTGACCTTGACATGCTTGGTTCGGATGCCCTTGATGACTTTGACCTCGACATGCTCGGCAGTGACGCCCTTGATGATTTCGACCTGGACATGCTGATTAACTCTAGA,EASGSGRADALDDFDLDMLGSDALDDFDLDMLGSDALDDFDLDMLGSDALDDFDLDMLINSR,34.98855835,35.56064073,35.27459954,2.89514867,2.945454545,2.920301608,1.376146789,1.330357143,1.353251966
A20,AC10400,p65,p65_DARPA backbone,Found,AD,Homo sapiens,HS,P65,,0.519056261,0.99092559,Q04206,HS_P65,Q04206,AGCCAGTACCTGCCCGACACCGACGACCGGCACCGGATCGAGGAAAAGCGGAAGCGGACCTACGAGACATTCAAGAGCATCATGAAGAAGTCCCCCTTCAGCGGCCCCACCGACCCTAGACCTCCACCTAGAAGAATCGCCGTGCCCAGCAGATCCAGCGCCAGCGTGCCAAAACCTGCCCCCCAGCCTTACCCCTTCACCAGCAGCCTGAGCACCATCAACTACGACGAGTTCCCTACCATGGTGTTCCCCAGCGGCCAGATCTCTCAGGCCTCTGCTCTGGCTCCAGCCCCTCCTCAGGTGCTGCCTCAGGCTCCTGCTCCTGCACCAGCTCCAGCCATGGTGTCTGCACTGGCTCAGGCACCAGCACCCGTGCCTGTGCTGGCTCCTGGACCTCCACAGGCTGTGGCTCCACCAGCCCCTAAACCTACACAGGCCGGCGAGGGCACACTGTCTGAAGCTCTGCTGCAGCTGCAGTTCGACGACGAGGATCTGGGAGCCCTGCTGGGAAACAGCACCGATCCTGCCGTGTTCACCGACCTGGCCAGCGTGGACAACAGCGAGTTCCAGCAGCTGCTGAACCAGGGCATCCCTGTGGCCCCTCACACCACCGAGCCCATGCTGATGGAATACCCCGAGGCCATCACCCGGCTCGTGACAGGCGCTCAGAGGCCTCCTGATCCAGCTCCTGCCCCTCTGGGAGCACCAGGCCTGCCTAATGGACTGCTGTCTGGCGACGAGGACTTCAGCTCTATCGCCGATATGGATTTCTCAGCCTTGCTG,SQYLPDTDDRHRIEEKRKRTYETFKSIMKKSPFSGPTDPRPPPRRIAVPSRSSASVPKPAPQPYPFTSSLSTINYDEFPTMVFPSGQISQASALAPAPPQVLPQAPAPAPAPAMVSALAQAPAPVPVLAPGPPQAVAPPAPKPTQAGEGTLSEALLQLQFDDEDLGALLGNSTDPAVFTDLASVDNSEFQQLLNQGIPVAPHTTEPMLMEYPEAITRLVTGAQRPPDPAPAPLGAPGLPNGLLSGDEDFSSIADMDFSALL,8.398169336,6.224256293,7.311212815,1.372456964,1.563636364,1.468046664,0.899082569,0.836607143,0.867844856
A21,AC10395,RTA,RTA_DARPA backbone,Found,AD,Epstein barr virus 1,EBV1,RTA,,0.685950413,1,P03209,EBV1_RTA,P03209,CGGGATTCCAGGGAAGGGATGTTTTTGCCGAAGCCTGAGGCCGGCTCCGCTATTAGTGACGTGTTTGAGGGCCGCGAGGTGTGCCAGCCAAAACGAATCCGGCCATTTCATCCTCCAGGAAGTCCATGGGCCAACCGCCCACTCCCCGCCAGCCTCGCACCAACACCAACCGGTCCAGTACATGAGCCAGTCGGGTCACTGACCCCGGCACCAGTCCCTCAGCCACTGGATCCAGCGCCCGCAGTGACTCCCGAGGCCAGTCACCTGTTGGAGGATCCCGATGAAGAGACGAGCCAGGCTGTCAAAGCCCTTCGGGAGATGGCCGATACTGTGATTCCCCAGAAGGAAGAGGCTGCAATCTGTGGCCAAATGGACCTTTCCCATCCGCCCCCAAGGGGCCATCTGGATGAGCTGACAACCACACTTGAGTCCATGACCGAGGATCTGAACCTGGACTCACCCCTGACCCCGGAATTGAACGAGATTCTGGATACCTTCCTGAACGACGAGTGCCTCTTGCATGCCATGCATATCAGCACAGGACTGTCCATCTTCGACACATCTCTGTTT,RDSREGMFLPKPEAGSAISDVFEGREVCQPKRIRPFHPPGSPWANRPLPASLAPTPTGPVHEPVGSLTPAPVPQPLDPAPAVTPEASHLLEDPDEETSQAVKALREMADTVIPQKEEAAICGQMDLSHPPPRGHLDELTTTLESMTEDLNLDSPLTPELNEILDTFLNDECLLHAMHISTGLSIFDTSLF,8.832951945,8.970251716,8.901601831,1.334898279,1.741818182,1.53835823,1.155963303,0.955357143,1.055660223
A22,AC15342,S512,"S512_Homo sapiens (Human). HSF1_HUMAN Name=HSF1 {ECO:0000312|HGNC:HGNC:5224}; Synonyms=HSTF1; REGION 371 529 Transactivation domain. {ECO:0000269|PubMed:7623826, ECO:0000269|PubMed:7760831}.",Found,AD,Homo sapiens,HS,HSF1,371-529,0.693761815,1,Q00613,HS_HSF1,Q00613,TCCACACCCGAAAAATGCCTCTCCGTAGCATGCTTGGATAAAAACGAGCTGAGTGACCATCTCGACGCAATGGACTCTAACTTGGACAACCTTCAAACGATGCTTAGCTCTCATGGGTTTAGCGTCGACACGTCCGCGCTGCTCGACTTGTTTTCCCCATCTGTTACAGTACCAGATATGTCCCTTCCCGATTTGGATAGTAGCCTGGCCAGTATCCAGGAGTTGCTGTCCCCACAGGAGCCTCCGAGGCCACCTGAAGCCGAGAATAGTAGCCCGGACTCCGGGAAGCAGCTCGTGCATTACACCGCCCAGCCGTTGTTTCTCCTTGACCCTGGATCAGTCGACACAGGGTCAAACGACTTGCCAGTCCTGTTCGAGTTGGGCGAAGGGAGTTATTTCTCCGAGGGAGATGGCTTTGCAGAAGATCCTACAATTAGTCTGCTGACCGGCTCTGAGCCCCCCAAAGCAAAAGATCCGACGGTGTCA,STPEKCLSVACLDKNELSDHLDAMDSNLDNLQTMLSSHGFSVDTSALLDLFSPSVTVPDMSLPDLDSSLASIQELLSPQEPPRPPEAENSSPDSGKQLVHYTAQPLFLLDPGSVDTGSNDLPVLFELGEGSYFSEGDGFAEDPTISLLTGSEPPKAKDPTVS,2.217261905,1.842900302,2.030081103,2.157967654,2.074291586,2.11612962,1.047619048,1.103174603,1.075396825
A23,AC11952,GB1 ,GB1 protein folding domain,,PFD,Streptococcus G,SG,GB1,,,,,SG_GB1,P06654,TACAAACTGATCCTGAACGGTAAAACCCTGAAAGGTGAAACCACCACCGAAGCTGTTGACGCTGCTACCGCGGAAAAAGTTTTCAAACAGTACGCTAACGACAACGGTGTTGACGGTGAATGGACCTACGACGACGCTACCAAAACCTTCACCGTTACCGAA,YKLILNGKTLKGETTTEAVDAATAEKVFKQYANDNGVDGEWTYDDATKTFTVTE,1.036613272,0.945080092,0.990846682,1.158529875,1.046599039,1.102564457,0.78440367,0.807142857,0.795773263
A24,AC15406,MBP ,MBP protein folding domain_corrected,,PFD,Homo sapiens,HS,MBPMUT,,,,,HS_MBPMUT,P0AEX9,ATGAAAATCGAAGAAGGTAAACTGGTAATCTGGATTAACGGCGATAAAGGCTATAACGGTCTCGCTGAAGTCGGTAAGAAATTCGAGAAAGATACCGGAATTAAAGTCACCGTTGAGCATCCGGATAAACTGGAAGAGAAATTCCCACAGGTTGCGGCAACTGGCGATGGCCCTGACATTATCTTCTGGGCACACGACCGCTTTGGTGGCTACGCTCAATCTGGCCTGTTGGCTGAAATCACCCCGGACAAAGCGTTCCAGGACAAGCTGTATCCGTTTACCTGGGATGCCGTGCGTTACAACGGCAAGCTGATTGCTTACCCGATCGCTGTTGAAGCGTTATCGCTGATTTATAACAAAGATCTGCTGCCGAACCCGCCAAAAACCTGGGAAGAGATCCCGGCGCTGGATAAAGAACTGAAAGCGAAAGGTAAGAGCGCGCTGATGTTCAACCTGCAAGAACCGTACTTCACCTGGCCGCTGATTGCTGCTGACGGGGGTTATGCGTTCAAGTATGAAAACGGCAAGTACGACATTAAAGACGTGGGCGTGGATAACGCTGGCGCGAAAGCGGGTCTGACCTTCCTGGTTGACCTGATTAAAAACAAACACATGAATGCAGACACCGATTACTCCATCGCAGAAGCTGCCTTTAATAAAGGCGAAACAGCGATGACCATCAACGGCCCGTGGGCATGGTCCAACATCGACACCAGCAAAGTGAATTATGGTGTAACGGTACTGCCGACCTTCAAGGGTCAACCATCCAAACCGTTCGTTGGCGTGCTGAGCGCAGGTATTAACGCCGCCAGTCCGAACAAAGAGCTGGCAAAAGAGTTCCTCGAAAACTATCTGCTGACTGATGAAGGTCTGGAAGCGGTTAATAAAGACAAACCGCTGGGTGCCGTAGCGCTGAAGTCTTACGAGGAAGAGTTGGCGAAAGATCCACGTATTGCCGCCACCATGGAAAACGCCCAGAAAGGTGAAATCATGCCGAACATCCCGCAGATGTCCGCTTTCTGGTATGCCGTGCGTACTGCGGTGATCAACGCCGCCAGCGGTCGTCAGACTGTCGATGAAGCCCTGAAAGACGCGCAGACT,MKIEEGKLVIWINGDKGYNGLAEVGKKFEKDTGIKVTVEHPDKLEEKFPQVAATGDGPDIIFWAHDRFGGYAQSGLLAEITPDKAFQDKLYPFTWDAVRYNGKLIAYPIAVEALSLIYNKDLLPNPPKTWEEIPALDKELKAKGKSALMFNLQEPYFTWPLIAADGGYAFKYENGKYDIKDVGVDNAGAKAGLTFLVDLIKNKHMNADTDYSIAEAAFNKGETAMTINGPWAWSNIDTSKVNYGVTVLPTFKGQPSKPFVGVLSAGINAASPNKELAKEFLENYLLTDEGLEAVNKDKPLGAVALKSYEEELAKDPRIAATMENAQKGEIMPNIPQMSAFWYAVRTAVINAASGRQTVDEALKDAQT,1,0.908466819,0.95423341,0.953933921,1.046066079,1,0.852293578,0.910714286,0.881503932
A25,AC11913,TrxA,TrxA protein folding domain,,PFD,Escherichia coli,EC,TRXA,,,,,EC_TRXA,P0AA26,ATGAGCGATAAAATTATTCACCTGACTGACGACAGTTTTGACACGGATGTACTCAAAGCGGACGGGGCGATCCTCGTCGATTTCTGGGCAGAGTGGTGCGGTCCGTGCAAAATGATCGCCCCGATTCTGGATGAAATCGCTGACGAATATCAGGGCAAACTGACCGTTGCAAAACTGAACATCGATCAAAACCCTGGCACTGCGCCGAAATATGGCATCCGTGGTATCCCGACTCTGCTGCTGTTCAAAAACGGTGAAGTGGCGGCAACCAAAGTGGGTGCACTGTCTAAAGGTCAGTTGAAAGAGTTCCTCGACGCTAACCTGGCC,MSDKIIHLTDDSFDTDVLKADGAILVDFWAEWCGPCKMIAPILDEIADEYQGKLTVAKLNIDQNPGTAPKYGIRGIPTLLLFKNGEVAATKVGALSKGQLKEFLDANLA,0.981693364,0.963386728,0.972540046,1.084367573,1.018196841,1.051282207,0.981651376,0.9375,0.959575688
